{
  "schemaVersion": 1,
  "id": "limbo",
  "version": "1.0.0",
  "name": "limbo",
  "authors": [
    "Limbo"
  ],
  "contact": {
    "homepage": "https://mcreator.net",
    "sources": ""
  },
  "license": "Academic Free License v3.0",
  "environment": "*",
  "entrypoints": {
    "main": [
      "net.mcreator.limbo.LimboMod"
    ],
    "client": [
      "net.mcreator.limbo.ClientInit"
    ],
    "terrablender": [
      "net.mcreator.limbo.TerraBlenderInit"
    ]
  },
  "depends": {
    "fabricloader": ">=0.14.9",
    "fabric": "*",
    "minecraft": "~1.19",
    "java": ">=17"
  },
  "mixins": [
    "limbo.mixins.json"
  ]
}