{
  "format_version": "1.21.6",
  "credit": "Made with Blockbench",
  "elements": [
    {
      "name": "soulscythe_0",
      "from": [
        6,
        15.5,
        7.5
      ],
      "to": [
        10,
        16,
        8.03125
      ],
      "rotation": {
        "angle": 0,
        "axis": "y",
        "origin": [
          0,
          0,
          8
        ]
      },
      "faces": {
        "north": {
          "uv": [
            10,
            0,
            6,
            0.5
          ],
          "texture": "#0"
        },
        "east": {
          "uv": [
            9.96875,
            0,
            10,
            0.5
          ],
          "texture": "#0"
        },
        "south": {
          "uv": [
            6,
            0,
            10,
            0.5
          ],
          "texture": "#0"
        },
        "west": {
          "uv": [
            6,
            0,
            6.03125,
            0.5
          ],
          "texture": "#0"
        },
        "up": {
          "uv": [
            6,
            0,
            10,
            0.03125
          ],
          "texture": "#0"
        },
        "down": {
          "uv": [
            6,
            0.46875,
            10,
            0.5
          ],
          "texture": "#0"
        }
      }
    },
    {
      "name": "soulscythe_1",
      "from": [
        7,
        15,
        7.5
      ],
      "to": [
        11,
        15.5,
        8.03125
      ],
      "rotation": {
        "angle": 0,
        "axis": "y",
        "origin": [
          0,
          0,
          8
        ]
      },
      "faces": {
        "north": {
          "uv": [
            11,
            0.5,
            7,
            1
          ],
          "texture": "#0"
        },
        "east": {
          "uv": [
            10.96875,
            0.5,
            11,
            1
          ],
          "texture": "#0"
        },
        "south": {
          "uv": [
            7,
            0.5,
            11,
            1
          ],
          "texture": "#0"
        },
        "west": {
          "uv": [
            7,
            0.5,
            7.03125,
            1
          ],
          "texture": "#0"
        },
        "up": {
          "uv": [
            7,
            0.5,
            11,
            0.53125
          ],
          "texture": "#0"
        },
        "down": {
          "uv": [
            7,
            0.96875,
            11,
            1
          ],
          "texture": "#0"
        }
      }
    },
    {
      "name": "soulscythe_2",
      "from": [
        8,
        14.5,
        7.5
      ],
      "to": [
        12,
        15,
        8.03125
      ],
      "rotation": {
        "angle": 0,
        "axis": "y",
        "origin": [
          0,
          0,
          8
        ]
      },
      "faces": {
        "north": {
          "uv": [
            12,
            1,
            8,
            1.5
          ],
          "texture": "#0"
        },
        "east": {
          "uv": [
            11.96875,
            1,
            12,
            1.5
          ],
          "texture": "#0"
        },
        "south": {
          "uv": [
            8,
            1,
            12,
            1.5
          ],
          "texture": "#0"
        },
        "west": {
          "uv": [
            8,
            1,
            8.03125,
            1.5
          ],
          "texture": "#0"
        },
        "up": {
          "uv": [
            8,
            1,
            12,
            1.03125
          ],
          "texture": "#0"
        },
        "down": {
          "uv": [
            8,
            1.46875,
            12,
            1.5
          ],
          "texture": "#0"
        }
      }
    },
    {
      "name": "soulscythe_3",
      "from": [
        9,
        14,
        7.5
      ],
      "to": [
        12.5,
        14.5,
        8.03125
      ],
      "rotation": {
        "angle": 0,
        "axis": "y",
        "origin": [
          0,
          0,
          8
        ]
      },
      "faces": {
        "north": {
          "uv": [
            12.5,
            1.5,
            9,
            2
          ],
          "texture": "#0"
        },
        "east": {
          "uv": [
            12.46875,
            1.5,
            12.5,
            2
          ],
          "texture": "#0"
        },
        "south": {
          "uv": [
            9,
            1.5,
            12.5,
            2
          ],
          "texture": "#0"
        },
        "west": {
          "uv": [
            9,
            1.5,
            9.03125,
            2
          ],
          "texture": "#0"
        },
        "up": {
          "uv": [
            9,
            1.5,
            12.5,
            1.53125
          ],
          "texture": "#0"
        },
        "down": {
          "uv": [
            9,
            1.96875,
            12.5,
            2
          ],
          "texture": "#0"
        }
      }
    },
    {
      "name": "soulscythe_4",
      "from": [
        10,
        13.5,
        7.5
      ],
      "to": [
        13,
        14,
        8.03125
      ],
      "rotation": {
        "angle": 0,
        "axis": "y",
        "origin": [
          0,
          0,
          8
        ]
      },
      "faces": {
        "north": {
          "uv": [
            13,
            2,
            10,
            2.5
          ],
          "texture": "#0"
        },
        "east": {
          "uv": [
            12.96875,
            2,
            13,
            2.5
          ],
          "texture": "#0"
        },
        "south": {
          "uv": [
            10,
            2,
            13,
            2.5
          ],
          "texture": "#0"
        },
        "west": {
          "uv": [
            10,
            2,
            10.03125,
            2.5
          ],
          "texture": "#0"
        },
        "up": {
          "uv": [
            10,
            2,
            13,
            2.03125
          ],
          "texture": "#0"
        },
        "down": {
          "uv": [
            10,
            2.46875,
            13,
            2.5
          ],
          "texture": "#0"
        }
      }
    },
    {
      "name": "soulscythe_5",
      "from": [
        10.5,
        12.5,
        7.5
      ],
      "to": [
        13.5,
        13.5,
        8.03125
      ],
      "rotation": {
        "angle": 0,
        "axis": "y",
        "origin": [
          0,
          0,
          8
        ]
      },
      "faces": {
        "north": {
          "uv": [
            13.5,
            2.5,
            10.5,
            3.5
          ],
          "texture": "#0"
        },
        "east": {
          "uv": [
            13.46875,
            2.5,
            13.5,
            3.5
          ],
          "texture": "#0"
        },
        "south": {
          "uv": [
            10.5,
            2.5,
            13.5,
            3.5
          ],
          "texture": "#0"
        },
        "west": {
          "uv": [
            10.5,
            2.5,
            10.53125,
            3.5
          ],
          "texture": "#0"
        },
        "up": {
          "uv": [
            10.5,
            2.5,
            13.5,
            2.53125
          ],
          "texture": "#0"
        },
        "down": {
          "uv": [
            10.5,
            3.46875,
            13.5,
            3.5
          ],
          "texture": "#0"
        }
      }
    },
    {
      "name": "soulscythe_6",
      "from": [
        11,
        11.5,
        7.5
      ],
      "to": [
        14,
        12.5,
        8.03125
      ],
      "rotation": {
        "angle": 0,
        "axis": "y",
        "origin": [
          0,
          0,
          8
        ]
      },
      "faces": {
        "north": {
          "uv": [
            14,
            3.5,
            11,
            4.5
          ],
          "texture": "#0"
        },
        "east": {
          "uv": [
            13.96875,
            3.5,
            14,
            4.5
          ],
          "texture": "#0"
        },
        "south": {
          "uv": [
            11,
            3.5,
            14,
            4.5
          ],
          "texture": "#0"
        },
        "west": {
          "uv": [
            11,
            3.5,
            11.03125,
            4.5
          ],
          "texture": "#0"
        },
        "up": {
          "uv": [
            11,
            3.5,
            14,
            3.53125
          ],
          "texture": "#0"
        },
        "down": {
          "uv": [
            11,
            4.46875,
            14,
            4.5
          ],
          "texture": "#0"
        }
      }
    },
    {
      "name": "soulscythe_7",
      "from": [
        11.5,
        10,
        7.5
      ],
      "to": [
        14.5,
        11.5,
        8.03125
      ],
      "rotation": {
        "angle": 0,
        "axis": "y",
        "origin": [
          0,
          0,
          8
        ]
      },
      "faces": {
        "north": {
          "uv": [
            14.5,
            4.5,
            11.5,
            6
          ],
          "texture": "#0"
        },
        "east": {
          "uv": [
            14.46875,
            4.5,
            14.5,
            6
          ],
          "texture": "#0"
        },
        "south": {
          "uv": [
            11.5,
            4.5,
            14.5,
            6
          ],
          "texture": "#0"
        },
        "west": {
          "uv": [
            11.5,
            4.5,
            11.53125,
            6
          ],
          "texture": "#0"
        },
        "up": {
          "uv": [
            11.5,
            4.5,
            14.5,
            4.53125
          ],
          "texture": "#0"
        },
        "down": {
          "uv": [
            11.5,
            5.96875,
            14.5,
            6
          ],
          "texture": "#0"
        }
      }
    },
    {
      "name": "soulscythe_8",
      "from": [
        12,
        7,
        7.5
      ],
      "to": [
        14,
        10,
        8.03125
      ],
      "rotation": {
        "angle": 0,
        "axis": "y",
        "origin": [
          0,
          0,
          8
        ]
      },
      "faces": {
        "north": {
          "uv": [
            14,
            6,
            12,
            9
          ],
          "texture": "#0"
        },
        "east": {
          "uv": [
            13.96875,
            6,
            14,
            9
          ],
          "texture": "#0"
        },
        "south": {
          "uv": [
            12,
            6,
            14,
            9
          ],
          "texture": "#0"
        },
        "west": {
          "uv": [
            12,
            6,
            12.03125,
            9
          ],
          "texture": "#0"
        },
        "up": {
          "uv": [
            12,
            6,
            14,
            6.03125
          ],
          "texture": "#0"
        },
        "down": {
          "uv": [
            12,
            8.96875,
            14,
            9
          ],
          "texture": "#0"
        }
      }
    },
    {
      "name": "soulscythe_9",
      "from": [
        11.5,
        7.5,
        7.5
      ],
      "to": [
        12,
        9.5,
        8.03125
      ],
      "rotation": {
        "angle": 0,
        "axis": "y",
        "origin": [
          0,
          0,
          8
        ]
      },
      "faces": {
        "north": {
          "uv": [
            12,
            6.5,
            11.5,
            8.5
          ],
          "texture": "#0"
        },
        "east": {
          "uv": [
            11.96875,
            6.5,
            12,
            8.5
          ],
          "texture": "#0"
        },
        "south": {
          "uv": [
            11.5,
            6.5,
            12,
            8.5
          ],
          "texture": "#0"
        },
        "west": {
          "uv": [
            11.5,
            6.5,
            11.53125,
            8.5
          ],
          "texture": "#0"
        },
        "up": {
          "uv": [
            11.5,
            6.5,
            12,
            6.53125
          ],
          "texture": "#0"
        },
        "down": {
          "uv": [
            11.5,
            8.46875,
            12,
            8.5
          ],
          "texture": "#0"
        }
      }
    },
    {
      "name": "soulscythe_10",
      "from": [
        14,
        5,
        7.5
      ],
      "to": [
        14.5,
        9.5,
        8.03125
      ],
      "rotation": {
        "angle": 0,
        "axis": "y",
        "origin": [
          0,
          0,
          8
        ]
      },
      "faces": {
        "north": {
          "uv": [
            14.5,
            6.5,
            14,
            11
          ],
          "texture": "#0"
        },
        "east": {
          "uv": [
            14.46875,
            6.5,
            14.5,
            11
          ],
          "texture": "#0"
        },
        "south": {
          "uv": [
            14,
            6.5,
            14.5,
            11
          ],
          "texture": "#0"
        },
        "west": {
          "uv": [
            14,
            6.5,
            14.03125,
            11
          ],
          "texture": "#0"
        },
        "up": {
          "uv": [
            14,
            6.5,
            14.5,
            6.53125
          ],
          "texture": "#0"
        },
        "down": {
          "uv": [
            14,
            10.96875,
            14.5,
            11
          ],
          "texture": "#0"
        }
      }
    },
    {
      "name": "soulscythe_11",
      "from": [
        15,
        7.5,
        7.5
      ],
      "to": [
        15.5,
        9.5,
        8.03125
      ],
      "rotation": {
        "angle": 0,
        "axis": "y",
        "origin": [
          0,
          0,
          8
        ]
      },
      "faces": {
        "north": {
          "uv": [
            15.5,
            6.5,
            15,
            8.5
          ],
          "texture": "#0"
        },
        "east": {
          "uv": [
            15.46875,
            6.5,
            15.5,
            8.5
          ],
          "texture": "#0"
        },
        "south": {
          "uv": [
            15,
            6.5,
            15.5,
            8.5
          ],
          "texture": "#0"
        },
        "west": {
          "uv": [
            15,
            6.5,
            15.03125,
            8.5
          ],
          "texture": "#0"
        },
        "up": {
          "uv": [
            15,
            6.5,
            15.5,
            6.53125
          ],
          "texture": "#0"
        },
        "down": {
          "uv": [
            15,
            8.46875,
            15.5,
            8.5
          ],
          "texture": "#0"
        }
      }
    },
    {
      "name": "soulscythe_12",
      "from": [
        10,
        8,
        7.5
      ],
      "to": [
        11.5,
        9,
        8.03125
      ],
      "rotation": {
        "angle": 0,
        "axis": "y",
        "origin": [
          0,
          0,
          8
        ]
      },
      "faces": {
        "north": {
          "uv": [
            11.5,
            7,
            10,
            8
          ],
          "texture": "#0"
        },
        "east": {
          "uv": [
            11.46875,
            7,
            11.5,
            8
          ],
          "texture": "#0"
        },
        "south": {
          "uv": [
            10,
            7,
            11.5,
            8
          ],
          "texture": "#0"
        },
        "west": {
          "uv": [
            10,
            7,
            10.03125,
            8
          ],
          "texture": "#0"
        },
        "up": {
          "uv": [
            10,
            7,
            11.5,
            7.03125
          ],
          "texture": "#0"
        },
        "down": {
          "uv": [
            10,
            7.96875,
            11.5,
            8
          ],
          "texture": "#0"
        }
      }
    },
    {
      "name": "soulscythe_13",
      "from": [
        14.5,
        8,
        7.5
      ],
      "to": [
        15,
        9,
        8.03125
      ],
      "rotation": {
        "angle": 0,
        "axis": "y",
        "origin": [
          0,
          0,
          8
        ]
      },
      "faces": {
        "north": {
          "uv": [
            15,
            7,
            14.5,
            8
          ],
          "texture": "#0"
        },
        "east": {
          "uv": [
            14.96875,
            7,
            15,
            8
          ],
          "texture": "#0"
        },
        "south": {
          "uv": [
            14.5,
            7,
            15,
            8
          ],
          "texture": "#0"
        },
        "west": {
          "uv": [
            14.5,
            7,
            14.53125,
            8
          ],
          "texture": "#0"
        },
        "up": {
          "uv": [
            14.5,
            7,
            15,
            7.03125
          ],
          "texture": "#0"
        },
        "down": {
          "uv": [
            14.5,
            7.96875,
            15,
            8
          ],
          "texture": "#0"
        }
      }
    },
    {
      "name": "soulscythe_14",
      "from": [
        15.5,
        8,
        7.5
      ],
      "to": [
        16,
        9,
        8.03125
      ],
      "rotation": {
        "angle": 0,
        "axis": "y",
        "origin": [
          0,
          0,
          8
        ]
      },
      "faces": {
        "north": {
          "uv": [
            16,
            7,
            15.5,
            8
          ],
          "texture": "#0"
        },
        "east": {
          "uv": [
            15.96875,
            7,
            16,
            8
          ],
          "texture": "#0"
        },
        "south": {
          "uv": [
            15.5,
            7,
            16,
            8
          ],
          "texture": "#0"
        },
        "west": {
          "uv": [
            15.5,
            7,
            15.53125,
            8
          ],
          "texture": "#0"
        },
        "up": {
          "uv": [
            15.5,
            7,
            16,
            7.03125
          ],
          "texture": "#0"
        },
        "down": {
          "uv": [
            15.5,
            7.96875,
            16,
            8
          ],
          "texture": "#0"
        }
      }
    },
    {
      "name": "soulscythe_15",
      "from": [
        8.5,
        7.5,
        7.5
      ],
      "to": [
        10,
        8.5,
        8.03125
      ],
      "rotation": {
        "angle": 0,
        "axis": "y",
        "origin": [
          0,
          0,
          8
        ]
      },
      "faces": {
        "north": {
          "uv": [
            10,
            7.5,
            8.5,
            8.5
          ],
          "texture": "#0"
        },
        "east": {
          "uv": [
            9.96875,
            7.5,
            10,
            8.5
          ],
          "texture": "#0"
        },
        "south": {
          "uv": [
            8.5,
            7.5,
            10,
            8.5
          ],
          "texture": "#0"
        },
        "west": {
          "uv": [
            8.5,
            7.5,
            8.53125,
            8.5
          ],
          "texture": "#0"
        },
        "up": {
          "uv": [
            8.5,
            7.5,
            10,
            7.53125
          ],
          "texture": "#0"
        },
        "down": {
          "uv": [
            8.5,
            8.46875,
            10,
            8.5
          ],
          "texture": "#0"
        }
      }
    },
    {
      "name": "soulscythe_16",
      "from": [
        7.5,
        7,
        7.5
      ],
      "to": [
        8.5,
        8,
        8.03125
      ],
      "rotation": {
        "angle": 0,
        "axis": "y",
        "origin": [
          0,
          0,
          8
        ]
      },
      "faces": {
        "north": {
          "uv": [
            8.5,
            8,
            7.5,
            9
          ],
          "texture": "#0"
        },
        "east": {
          "uv": [
            8.46875,
            8,
            8.5,
            9
          ],
          "texture": "#0"
        },
        "south": {
          "uv": [
            7.5,
            8,
            8.5,
            9
          ],
          "texture": "#0"
        },
        "west": {
          "uv": [
            7.5,
            8,
            7.53125,
            9
          ],
          "texture": "#0"
        },
        "up": {
          "uv": [
            7.5,
            8,
            8.5,
            8.03125
          ],
          "texture": "#0"
        },
        "down": {
          "uv": [
            7.5,
            8.96875,
            8.5,
            9
          ],
          "texture": "#0"
        }
      }
    },
    {
      "name": "soulscythe_17",
      "from": [
        6.5,
        6.5,
        7.5
      ],
      "to": [
        7.5,
        7.5,
        8.03125
      ],
      "rotation": {
        "angle": 0,
        "axis": "y",
        "origin": [
          0,
          0,
          8
        ]
      },
      "faces": {
        "north": {
          "uv": [
            7.5,
            8.5,
            6.5,
            9.5
          ],
          "texture": "#0"
        },
        "east": {
          "uv": [
            7.46875,
            8.5,
            7.5,
            9.5
          ],
          "texture": "#0"
        },
        "south": {
          "uv": [
            6.5,
            8.5,
            7.5,
            9.5
          ],
          "texture": "#0"
        },
        "west": {
          "uv": [
            6.5,
            8.5,
            6.53125,
            9.5
          ],
          "texture": "#0"
        },
        "up": {
          "uv": [
            6.5,
            8.5,
            7.5,
            8.53125
          ],
          "texture": "#0"
        },
        "down": {
          "uv": [
            6.5,
            9.46875,
            7.5,
            9.5
          ],
          "texture": "#0"
        }
      }
    },
    {
      "name": "soulscythe_18",
      "from": [
        6,
        5.5,
        7.5
      ],
      "to": [
        6.5,
        7,
        8.03125
      ],
      "rotation": {
        "angle": 0,
        "axis": "y",
        "origin": [
          0,
          0,
          8
        ]
      },
      "faces": {
        "north": {
          "uv": [
            6.5,
            9,
            6,
            10.5
          ],
          "texture": "#0"
        },
        "east": {
          "uv": [
            6.46875,
            9,
            6.5,
            10.5
          ],
          "texture": "#0"
        },
        "south": {
          "uv": [
            6,
            9,
            6.5,
            10.5
          ],
          "texture": "#0"
        },
        "west": {
          "uv": [
            6,
            9,
            6.03125,
            10.5
          ],
          "texture": "#0"
        },
        "up": {
          "uv": [
            6,
            9,
            6.5,
            9.03125
          ],
          "texture": "#0"
        },
        "down": {
          "uv": [
            6,
            10.46875,
            6.5,
            10.5
          ],
          "texture": "#0"
        }
      }
    },
    {
      "name": "soulscythe_19",
      "from": [
        12.5,
        6.5,
        7.5
      ],
      "to": [
        14,
        7,
        8.03125
      ],
      "rotation": {
        "angle": 0,
        "axis": "y",
        "origin": [
          0,
          0,
          8
        ]
      },
      "faces": {
        "north": {
          "uv": [
            14,
            9,
            12.5,
            9.5
          ],
          "texture": "#0"
        },
        "east": {
          "uv": [
            13.96875,
            9,
            14,
            9.5
          ],
          "texture": "#0"
        },
        "south": {
          "uv": [
            12.5,
            9,
            14,
            9.5
          ],
          "texture": "#0"
        },
        "west": {
          "uv": [
            12.5,
            9,
            12.53125,
            9.5
          ],
          "texture": "#0"
        },
        "up": {
          "uv": [
            12.5,
            9,
            14,
            9.03125
          ],
          "texture": "#0"
        },
        "down": {
          "uv": [
            12.5,
            9.46875,
            14,
            9.5
          ],
          "texture": "#0"
        }
      }
    },
    {
      "name": "soulscythe_20",
      "from": [
        5.5,
        5,
        7.5
      ],
      "to": [
        6,
        6.5,
        8.03125
      ],
      "rotation": {
        "angle": 0,
        "axis": "y",
        "origin": [
          0,
          0,
          8
        ]
      },
      "faces": {
        "north": {
          "uv": [
            6,
            9.5,
            5.5,
            11
          ],
          "texture": "#0"
        },
        "east": {
          "uv": [
            5.96875,
            9.5,
            6,
            11
          ],
          "texture": "#0"
        },
        "south": {
          "uv": [
            5.5,
            9.5,
            6,
            11
          ],
          "texture": "#0"
        },
        "west": {
          "uv": [
            5.5,
            9.5,
            5.53125,
            11
          ],
          "texture": "#0"
        },
        "up": {
          "uv": [
            5.5,
            9.5,
            6,
            9.53125
          ],
          "texture": "#0"
        },
        "down": {
          "uv": [
            5.5,
            10.96875,
            6,
            11
          ],
          "texture": "#0"
        }
      }
    },
    {
      "name": "soulscythe_21",
      "from": [
        6.5,
        6,
        7.5
      ],
      "to": [
        7,
        6.5,
        8.03125
      ],
      "rotation": {
        "angle": 0,
        "axis": "y",
        "origin": [
          0,
          0,
          8
        ]
      },
      "faces": {
        "north": {
          "uv": [
            7,
            9.5,
            6.5,
            10
          ],
          "texture": "#0"
        },
        "east": {
          "uv": [
            6.96875,
            9.5,
            7,
            10
          ],
          "texture": "#0"
        },
        "south": {
          "uv": [
            6.5,
            9.5,
            7,
            10
          ],
          "texture": "#0"
        },
        "west": {
          "uv": [
            6.5,
            9.5,
            6.53125,
            10
          ],
          "texture": "#0"
        },
        "up": {
          "uv": [
            6.5,
            9.5,
            7,
            9.53125
          ],
          "texture": "#0"
        },
        "down": {
          "uv": [
            6.5,
            9.96875,
            7,
            10
          ],
          "texture": "#0"
        }
      }
    },
    {
      "name": "soulscythe_22",
      "from": [
        13.5,
        6,
        7.5
      ],
      "to": [
        14,
        6.5,
        8.03125
      ],
      "rotation": {
        "angle": 0,
        "axis": "y",
        "origin": [
          0,
          0,
          8
        ]
      },
      "faces": {
        "north": {
          "uv": [
            14,
            9.5,
            13.5,
            10
          ],
          "texture": "#0"
        },
        "east": {
          "uv": [
            13.96875,
            9.5,
            14,
            10
          ],
          "texture": "#0"
        },
        "south": {
          "uv": [
            13.5,
            9.5,
            14,
            10
          ],
          "texture": "#0"
        },
        "west": {
          "uv": [
            13.5,
            9.5,
            13.53125,
            10
          ],
          "texture": "#0"
        },
        "up": {
          "uv": [
            13.5,
            9.5,
            14,
            9.53125
          ],
          "texture": "#0"
        },
        "down": {
          "uv": [
            13.5,
            9.96875,
            14,
            10
          ],
          "texture": "#0"
        }
      }
    },
    {
      "name": "soulscythe_23",
      "from": [
        5,
        4.5,
        7.5
      ],
      "to": [
        5.5,
        6,
        8.03125
      ],
      "rotation": {
        "angle": 0,
        "axis": "y",
        "origin": [
          0,
          0,
          8
        ]
      },
      "faces": {
        "north": {
          "uv": [
            5.5,
            10,
            5,
            11.5
          ],
          "texture": "#0"
        },
        "east": {
          "uv": [
            5.46875,
            10,
            5.5,
            11.5
          ],
          "texture": "#0"
        },
        "south": {
          "uv": [
            5,
            10,
            5.5,
            11.5
          ],
          "texture": "#0"
        },
        "west": {
          "uv": [
            5,
            10,
            5.03125,
            11.5
          ],
          "texture": "#0"
        },
        "up": {
          "uv": [
            5,
            10,
            5.5,
            10.03125
          ],
          "texture": "#0"
        },
        "down": {
          "uv": [
            5,
            11.46875,
            5.5,
            11.5
          ],
          "texture": "#0"
        }
      }
    },
    {
      "name": "soulscythe_24",
      "from": [
        4.5,
        4,
        7.5
      ],
      "to": [
        5,
        5.5,
        8.03125
      ],
      "rotation": {
        "angle": 0,
        "axis": "y",
        "origin": [
          0,
          0,
          8
        ]
      },
      "faces": {
        "north": {
          "uv": [
            5,
            10.5,
            4.5,
            12
          ],
          "texture": "#0"
        },
        "east": {
          "uv": [
            4.96875,
            10.5,
            5,
            12
          ],
          "texture": "#0"
        },
        "south": {
          "uv": [
            4.5,
            10.5,
            5,
            12
          ],
          "texture": "#0"
        },
        "west": {
          "uv": [
            4.5,
            10.5,
            4.53125,
            12
          ],
          "texture": "#0"
        },
        "up": {
          "uv": [
            4.5,
            10.5,
            5,
            10.53125
          ],
          "texture": "#0"
        },
        "down": {
          "uv": [
            4.5,
            11.96875,
            5,
            12
          ],
          "texture": "#0"
        }
      }
    },
    {
      "name": "soulscythe_25",
      "from": [
        4,
        3.5,
        7.5
      ],
      "to": [
        4.5,
        5,
        8.03125
      ],
      "rotation": {
        "angle": 0,
        "axis": "y",
        "origin": [
          0,
          0,
          8
        ]
      },
      "faces": {
        "north": {
          "uv": [
            4.5,
            11,
            4,
            12.5
          ],
          "texture": "#0"
        },
        "east": {
          "uv": [
            4.46875,
            11,
            4.5,
            12.5
          ],
          "texture": "#0"
        },
        "south": {
          "uv": [
            4,
            11,
            4.5,
            12.5
          ],
          "texture": "#0"
        },
        "west": {
          "uv": [
            4,
            11,
            4.03125,
            12.5
          ],
          "texture": "#0"
        },
        "up": {
          "uv": [
            4,
            11,
            4.5,
            11.03125
          ],
          "texture": "#0"
        },
        "down": {
          "uv": [
            4,
            12.46875,
            4.5,
            12.5
          ],
          "texture": "#0"
        }
      }
    },
    {
      "name": "soulscythe_26",
      "from": [
        3.5,
        2.5,
        7.5
      ],
      "to": [
        4,
        4.5,
        8.03125
      ],
      "rotation": {
        "angle": 0,
        "axis": "y",
        "origin": [
          0,
          0,
          8
        ]
      },
      "faces": {
        "north": {
          "uv": [
            4,
            11.5,
            3.5,
            13.5
          ],
          "texture": "#0"
        },
        "east": {
          "uv": [
            3.96875,
            11.5,
            4,
            13.5
          ],
          "texture": "#0"
        },
        "south": {
          "uv": [
            3.5,
            11.5,
            4,
            13.5
          ],
          "texture": "#0"
        },
        "west": {
          "uv": [
            3.5,
            11.5,
            3.53125,
            13.5
          ],
          "texture": "#0"
        },
        "up": {
          "uv": [
            3.5,
            11.5,
            4,
            11.53125
          ],
          "texture": "#0"
        },
        "down": {
          "uv": [
            3.5,
            13.46875,
            4,
            13.5
          ],
          "texture": "#0"
        }
      }
    },
    {
      "name": "soulscythe_27",
      "from": [
        3,
        0,
        7.5
      ],
      "to": [
        3.5,
        3.5,
        8.03125
      ],
      "rotation": {
        "angle": 0,
        "axis": "y",
        "origin": [
          0,
          0,
          8
        ]
      },
      "faces": {
        "north": {
          "uv": [
            3.5,
            12.5,
            3,
            16
          ],
          "texture": "#0"
        },
        "east": {
          "uv": [
            3.46875,
            12.5,
            3.5,
            16
          ],
          "texture": "#0"
        },
        "south": {
          "uv": [
            3,
            12.5,
            3.5,
            16
          ],
          "texture": "#0"
        },
        "west": {
          "uv": [
            3,
            12.5,
            3.03125,
            16
          ],
          "texture": "#0"
        },
        "up": {
          "uv": [
            3,
            12.5,
            3.5,
            12.53125
          ],
          "texture": "#0"
        },
        "down": {
          "uv": [
            3,
            15.96875,
            3.5,
            16
          ],
          "texture": "#0"
        }
      }
    },
    {
      "name": "soulscythe_28",
      "from": [
        2.5,
        0,
        7.5
      ],
      "to": [
        3,
        2.5,
        8.03125
      ],
      "rotation": {
        "angle": 0,
        "axis": "y",
        "origin": [
          0,
          0,
          8
        ]
      },
      "faces": {
        "north": {
          "uv": [
            3,
            13.5,
            2.5,
            16
          ],
          "texture": "#0"
        },
        "east": {
          "uv": [
            2.96875,
            13.5,
            3,
            16
          ],
          "texture": "#0"
        },
        "south": {
          "uv": [
            2.5,
            13.5,
            3,
            16
          ],
          "texture": "#0"
        },
        "west": {
          "uv": [
            2.5,
            13.5,
            2.53125,
            16
          ],
          "texture": "#0"
        },
        "up": {
          "uv": [
            2.5,
            13.5,
            3,
            13.53125
          ],
          "texture": "#0"
        },
        "down": {
          "uv": [
            2.5,
            15.96875,
            3,
            16
          ],
          "texture": "#0"
        }
      }
    },
    {
      "name": "soulscythe_29",
      "from": [
        2,
        0,
        7.5
      ],
      "to": [
        2.5,
        1.5,
        8.03125
      ],
      "rotation": {
        "angle": 0,
        "axis": "y",
        "origin": [
          0,
          0,
          8
        ]
      },
      "faces": {
        "north": {
          "uv": [
            2.5,
            14.5,
            2,
            16
          ],
          "texture": "#0"
        },
        "east": {
          "uv": [
            2.46875,
            14.5,
            2.5,
            16
          ],
          "texture": "#0"
        },
        "south": {
          "uv": [
            2,
            14.5,
            2.5,
            16
          ],
          "texture": "#0"
        },
        "west": {
          "uv": [
            2,
            14.5,
            2.03125,
            16
          ],
          "texture": "#0"
        },
        "up": {
          "uv": [
            2,
            14.5,
            2.5,
            14.53125
          ],
          "texture": "#0"
        },
        "down": {
          "uv": [
            2,
            15.96875,
            2.5,
            16
          ],
          "texture": "#0"
        }
      }
    }
  ],
  "display": {
    "thirdperson_righthand": {
      "rotation": [
        113.93,
        -89.3,
        178.17
      ],
      "translation": [
        0,
        3.25,
        -0.25
      ],
      "scale": [
        1.58,
        1.58,
        1.58
      ]
    }
  },
  "groups": [
    {
      "name": "soulscythe",
      "origin": [
        8,
        8,
        8
      ],
      "color": 0,
      "children": [
        0,
        1,
        2,
        3,
        4,
        5,
        6,
        7,
        8,
        9,
        10,
        11,
        12,
        13,
        14,
        15,
        16,
        17,
        18,
        19,
        20,
        21,
        22,
        23,
        24,
        25,
        26,
        27,
        28,
        29
      ]
    }
  ]
}